HETATM,Atom_num,Atom_name,Residual_name,Residual_num,x,y,z,atoms_simplify
HETATM,1,C1,GP1,1,-17.793,7.223,-5.877,C
HETATM,2,C2,GP1,1,-18.874,8.207,-6.316,C
HETATM,3,C3,GP1,1,-18.982,8.298,-7.828,C
HETATM,4,C4,GP1,1,-17.622,8.538,-8.443,C
HETATM,5,C5,GP1,1,-16.636,7.478,-7.952,C
HETATM,6,C6,GP1,1,-15.226,7.624,-8.481,C
HETATM,7,OH3,GP1,1,-19.847,9.389,-8.162,O
HETATM,8,OH4,GP1,1,-17.682,8.467,-9.859,O
HETATM,9,O5,GP1,1,-16.563,7.580,-6.521,O
HETATM,10,O6,GP1,1,-14.790,6.457,-9.160,O
HETATM,11,HO3,GP1,1,-20.734,8.890,-8.553,H
HETATM,12,HO4,GP1,1,-17.789,9.471,-10.272,H
HETATM,13,O1,GP1,1,-18.063,5.857,-6.164,O
HETATM,14,H5,GP1,1,-16.965,6.524,-8.261,H
HETATM,15,H6S,GP1,1,-14.795,8.366,-8.990,H
HETATM,16,H6R,GP1,1,-14.577,7.782,-7.669,H
HETATM,17,H1,GP1,1,-17.694,7.252,-4.791,H
HETATM,18,H3,GP1,1,-19.392,7.362,-8.208,H
HETATM,19,H4,GP1,1,-17.294,9.533,-8.142,H
HETATM,20,H2,GP1,1,-18.607,9.183,-5.911,H
HETATM,21,NH2,GP1,1,-20.122,7.783,-5.767,N
HETATM,22,1HN2,GP1,1,-20.044,7.718,-4.762,H
HETATM,23,2HN2,GP1,1,-20.840,8.451,-6.006,H
HETATM,24,P0,PO3,6,-17.139,4.753,-5.421,P
HETATM,25,1OP,PO3,6,-17.479,4.716,-3.961,O
HETATM,26,2OP,PO3,6,-17.387,3.404,-6.028,O
HETATM,27,3OP,PO3,6,-15.578,5.146,-5.603,O
HETATM,28,C1,GCS,2,-13.396,6.287,-9.315,C
HETATM,29,C2,GCS,2,-13.099,4.847,-9.790,C
HETATM,30,C3,GCS,2,-11.602,4.713,-10.140,C
HETATM,31,C4,GCS,2,-11.157,5.783,-11.165,C
HETATM,32,C5,GCS,2,-11.561,7.211,-10.690,C
HETATM,33,C6,GCS,2,-11.329,8.294,-11.758,C
HETATM,34,OH3,GCS,2,-11.375,3.416,-10.674,O
HETATM,35,OH4,GCS,2,-9.746,5.679,-11.318,O
HETATM,36,O5,GCS,2,-12.979,7.244,-10.321,O
HETATM,37,O6,GCS,2,-10.855,9.496,-11.157,O
HETATM,38,HO3,GCS,2,-11.934,2.838,-10.143,H
HETATM,39,HO4,GCS,2,-9.581,4.734,-11.398,H
HETATM,40,H1,GCS,2,-12.885,6.497,-8.352,H
HETATM,41,H2,GCS,2,-13.705,4.641,-10.695,H
HETATM,42,H3,GCS,2,-11.004,4.828,-9.213,H
HETATM,43,H4,GCS,2,-11.647,5.573,-12.137,H
HETATM,44,H5,GCS,2,-10.949,7.469,-9.803,H
HETATM,45,H6S,GCS,2,-10.589,7.935,-12.498,H
HETATM,46,H6R,GCS,2,-12.258,8.493,-12.327,H
HETATM,47,NH2,GCS,2,-13.444,3.914,-8.765,N
HETATM,48,1HN2,GCS,2,-12.967,4.160,-7.910,H
HETATM,49,2HN2,GCS,2,-14.442,3.936,-8.612,H
HETATM,50,C1,KDO,3,-10.393,10.481,-13.307,C
HETATM,51,C2,KDO,3,-11.005,10.700,-11.909,C
HETATM,52,C3,KDO,3,-10.295,11.872,-11.170,C
HETATM,53,C4,KDO,3,-11.046,12.281,-9.879,C
HETATM,54,C5,KDO,3,-12.555,12.538,-10.133,C
HETATM,55,C6,KDO,3,-13.195,11.306,-10.842,C
HETATM,56,C7,KDO,3,-14.693,11.484,-11.204,C
HETATM,57,C8,KDO,3,-15.311,10.231,-11.853,C
HETATM,58,O1,KDO,3,-9.137,9.925,-13.252,O
HETATM,59,O4,KDO,3,-10.439,13.441,-9.322,O
HETATM,60,O1,KDO,3,-10.965,10.782,-14.355,O
HETATM,61,OH7,KDO,3,-15.437,11.794,-10.030,O
HETATM,62,OH8,KDO,3,-16.667,10.473,-12.206,O
HETATM,63,O6,KDO,3,-12.432,10.998,-12.054,O
HETATM,64,OH5,KDO,3,-12.720,13.710,-10.931,O
HETATM,65,HO1,KDO,3,-8.856,9.763,-12.349,H
HETATM,66,H3A,KDO,3,-9.248,11.605,-10.930,H
HETATM,67,H4,KDO,3,-10.949,11.462,-9.142,H
HETATM,68,H5,KDO,3,-13.055,12.708,-9.161,H
HETATM,69,HO8,KDO,3,-17.119,10.695,-11.388,H
HETATM,70,H8R,KDO,3,-15.259,9.366,-11.166,H
HETATM,71,H8S,KDO,3,-14.751,9.943,-12.761,H
HETATM,72,HO7,KDO,3,-15.050,12.597,-9.675,H
HETATM,73,H7,KDO,3,-14.792,12.328,-11.913,H
HETATM,74,H6,KDO,3,-13.123,10.442,-10.152,H
HETATM,75,HO5,KDO,3,-12.278,13.526,-11.764,H
HETATM,76,H3E,KDO,3,-10.232,12.752,-11.839,H
HETATM,77,C1,KDO,4,-11.513,13.424,-7.164,C
HETATM,78,C2,KDO,4,-10.169,13.421,-7.920,C
HETATM,79,C3,KDO,4,-9.313,14.663,-7.533,C
HETATM,80,C4,KDO,4,-7.866,14.558,-8.074,C
HETATM,81,C5,KDO,4,-7.195,13.209,-7.704,C
HETATM,82,C6,KDO,4,-8.098,12.021,-8.155,C
HETATM,83,C7,KDO,4,-7.551,10.621,-7.773,C
HETATM,84,C8,KDO,4,-8.436,9.467,-8.281,C
HETATM,85,O1,KDO,4,-12.376,14.388,-7.626,O
HETATM,86,OH4,KDO,4,-7.091,15.643,-7.576,O
HETATM,87,O1,KDO,4,-11.777,12.651,-6.243,O
HETATM,88,OH7,KDO,4,-6.243,10.453,-8.312,O
HETATM,89,O8,KDO,4,-8.476,8.415,-7.326,O
HETATM,90,O6,KDO,4,-9.439,12.194,-7.592,O
HETATM,91,OH5,KDO,4,-6.968,13.151,-6.296,O
HETATM,92,HO1,KDO,4,-11.995,14.895,-8.347,H
HETATM,93,H3A,KDO,4,-9.787,15.593,-7.899,H
HETATM,94,HO4,KDO,4,-7.076,15.541,-6.622,H
HETATM,95,H4,KDO,4,-7.896,14.644,-9.177,H
HETATM,96,H5,KDO,4,-6.216,13.146,-8.215,H
HETATM,97,H8R,KDO,4,-8.058,9.076,-9.244,H
HETATM,98,H8S,KDO,4,-9.467,9.817,-8.471,H
HETATM,99,HO7,KDO,4,-5.713,11.164,-7.945,H
HETATM,100,H7,KDO,4,-7.486,10.551,-6.671,H
HETATM,101,H6,KDO,4,-8.174,12.055,-9.261,H
HETATM,102,HO5,KDO,4,-7.835,13.205,-5.886,H
HETATM,103,H3E,KDO,4,-9.274,14.761,-6.431,H
HETATM,104,C1,KDO,5,-10.182,7.275,-8.591,C
HETATM,105,C2,KDO,5,-8.868,7.126,-7.798,C
HETATM,106,C3,KDO,5,-9.056,6.161,-6.591,C
HETATM,107,C4,KDO,5,-7.705,5.792,-5.931,C
HETATM,108,C5,KDO,5,-6.662,5.290,-6.964,C
HETATM,109,C6,KDO,5,-6.509,6.327,-8.117,C
HETATM,110,C7,KDO,5,-5.536,5.892,-9.244,C
HETATM,111,C8,KDO,5,-5.364,6.961,-10.340,C
HETATM,112,O1,KDO,5,-11.125,8.012,-7.916,O
HETATM,113,OH4,KDO,5,-7.918,4.803,-4.930,O
HETATM,114,O1,KDO,5,-10.365,6.779,-9.703,O
HETATM,115,OH7,KDO,5,-4.255,5.609,-8.689,O
HETATM,116,OH8,KDO,5,-4.503,6.485,-11.366,O
HETATM,117,O6,KDO,5,-7.828,6.608,-8.690,O
HETATM,118,OH5,KDO,5,-7.068,4.025,-7.486,O
HETATM,119,HO1,KDO,5,-10.802,8.314,-7.064,H
HETATM,120,H3A,KDO,5,-9.736,6.604,-5.840,H
HETATM,121,HO4,KDO,5,-8.261,4.033,-5.388,H
HETATM,122,H4,KDO,5,-7.300,6.694,-5.433,H
HETATM,123,H5,KDO,5,-5.690,5.158,-6.453,H
HETATM,124,HO8,KDO,5,-3.664,6.291,-10.940,H
HETATM,125,H8R,KDO,5,-4.950,7.895,-9.917,H
HETATM,126,H8S,KDO,5,-6.339,7.226,-10.787,H
HETATM,127,HO7,KDO,5,-4.395,4.916,-8.040,H
HETATM,128,H7,KDO,5,-5.924,4.969,-9.716,H
HETATM,129,H6,KDO,5,-6.109,7.264,-7.680,H
HETATM,130,HO5,KDO,5,-7.909,4.178,-7.923,H
HETATM,131,H3E,KDO,5,-9.551,5.230,-6.931,H
